{
  "serial_number": "234222302447",
  "depth_intrinsics": {
    "width": 1280,
    "height": 720,
    "fx": 652.7418212890625,
    "fy": 652.7418212890625,
    "ppx": 641.1964111328125,
    "ppy": 360.751708984375,
    "model": "distortion.brown_conrady",
    "coeffs": [
      0.0,
      0.0,
      0.0,
      0.0,
      0.0
    ]
  },
  "color_intrinsics": {
    "width": 1280,
    "height": 720,
    "fx": 643.0158081054688,
    "fy": 642.177001953125,
    "ppx": 644.15234375,
    "ppy": 365.9963073730469,
    "model": "distortion.inverse_brown_conrady",
    "coeffs": [
      -0.05663275718688965,
      0.06700552999973297,
      -0.0006674124160781503,
      0.0003655343025457114,
      -0.022225549444556236
    ]
  },
  "depth_to_color_extrinsics": {
    "rotation_row_major_3x3": [
      0.9999898672103882,
      0.0024417175445705652,
      -0.0037783985026180744,
      -0.002446264959871769,
      0.9999963045120239,
      -0.0011993650114163756,
      0.003775455988943577,
      0.001208595815114677,
      0.9999921321868896
    ],
    "translation_meters_xyz": [
      -0.05900344252586365,
      -0.00023101201804820448,
      0.0003128107637166977
    ]
  },
  "color_to_depth_extrinsics": {
    "rotation_row_major_3x3": [
      0.9999898672103882,
      -0.002446264959871769,
      0.003775455988943577,
      0.0024417175445705652,
      0.9999963045120239,
      0.001208595815114677,
      -0.0037783985026180744,
      -0.0011993650114163756,
      0.9999921321868896
    ],
    "translation_meters_xyz": [
      0.059004589915275574,
      8.70482690515928e-05,
      -8.976423850981519e-05
    ]
  },
  "depth_scale": 0.0010000000474974513
}